<?xml version="1.0" encoding="UTF-8"?>
<project-private xmlns="http://www.netbeans.org/ns/project-private/1">
    <editor-bookmarks xmlns="http://www.netbeans.org/ns/editor-bookmarks/2" lastBookmarkId="0"/>
    <open-files xmlns="http://www.netbeans.org/ns/projectui-open-files/2">
        <group>
            <file>file:/C:/Users/Casa/Desktop/Ejercicios%20en%20java/TP1-EJ5/src/tp1/ej5/Tren.java</file>
            <file>file:/C:/Users/Casa/Desktop/Ejercicios%20en%20java/TP1-EJ5/src/tp1/ej5/Vehiculos.java</file>
            <file>file:/C:/Users/Casa/Desktop/Ejercicios%20en%20java/TP1-EJ5/src/tp1/ej5/TP1EJ5.java</file>
            <file>file:/C:/Users/Casa/Desktop/Ejercicios%20en%20java/TP1-EJ5/src/tp1/ej5/Auto.java</file>
            <file>file:/C:/Users/Casa/Desktop/Ejercicios%20en%20java/TP1-EJ5/src/tp1/ej5/Moto.java</file>
        </group>
    </open-files>
</project-private>
