<?xml version="1.0" encoding="UTF-8"?>
<project-private xmlns="http://www.netbeans.org/ns/project-private/1">
    <editor-bookmarks xmlns="http://www.netbeans.org/ns/editor-bookmarks/2" lastBookmarkId="0"/>
    <open-files xmlns="http://www.netbeans.org/ns/projectui-open-files/2">
        <group>
            <file>file:/C:/Users/Casa/Desktop/Ejercicios%20en%20java/TP1%20-%20Nahuel%20Ripoll/TP1-EJ7/src/tp1/ej7/TP1EJ7.java</file>
            <file>file:/C:/Users/Casa/Desktop/Ejercicios%20en%20java/TP1%20-%20Nahuel%20Ripoll/TP1-EJ7/src/tp1/ej7/Locales.java</file>
            <file>file:/C:/Users/Casa/Desktop/Ejercicios%20en%20java/TP1%20-%20Nahuel%20Ripoll/TP1-EJ7/src/tp1/ej7/Inmueble.java</file>
            <file>file:/C:/Users/Casa/Desktop/Ejercicios%20en%20java/TP1%20-%20Nahuel%20Ripoll/TP1-EJ7/src/tp1/ej7/Pisos.java</file>
        </group>
    </open-files>
</project-private>
